{
  "frame": "1630376266.500",
  "objs": [
    {
      "obj_id": "1",
      "obj_type": "Car",
      "psr": {
        "position": {
          "x": -2.672171499545489,
          "y": -33.266250260173486,
          "z": -0.5562674850225449
        },
        "rotation": {
          "x": -1.1395303806926396e-18,
          "y": -3.733472382918132e-18,
          "z": -1.544616388014982
        },
        "scale": {
          "x": 4.058527599032187,
          "y": 2.0426071642316415,
          "z": 1.6831534802913666
        }
      }
    },
    {
      "obj_id": "2",
      "obj_type": "Car",
      "psr": {
        "position": {
          "x": 3.8711404441505883,
          "y": 2.623587729249563,
          "z": -1.127462519792147
        },
        "rotation": {
          "x": -0.033911402837786014,
          "y": 0.016458285033341104,
          "z": -1.561511368222743
        },
        "scale": {
          "x": 4.191451924624294,
          "y": 2.03720670442349,
          "z": 1.7489753849804401
        }
      }
    },
    {
      "obj_id": "3",
      "obj_type": "Car",
      "psr": {
        "position": {
          "x": -0.9689338741787936,
          "y": -18.171259560619617,
          "z": -1.0039892494678497
        },
        "rotation": {
          "x": -6.587497096698212e-18,
          "y": -8.084653322132663e-18,
          "z": -1.4922565104551522
        },
        "scale": {
          "x": 4.410345802905138,
          "y": 2.0568759614607246,
          "z": 1.446869134902954
        }
      }
    }
  ],
  "scene": "scene-000040"
}