{
  "frame": "1630376258.500",
  "objs": [
    {
      "obj_id": "1",
      "obj_type": "Car",
      "psr": {
        "position": {
          "x": -3.179624645132403,
          "y": -13.606254831164167,
          "z": -0.9434673190116882
        },
        "rotation": {
          "x": -1.8572793673028153e-18,
          "y": -5.794728918865275e-19,
          "z": -1.5969762655748114
        },
        "scale": {
          "x": 4.058527599032187,
          "y": 2.0426071642316415,
          "z": 1.6831534802913666
        }
      }
    },
    {
      "obj_id": "2",
      "obj_type": "Car",
      "psr": {
        "position": {
          "x": 0.832236374738463,
          "y": 27.143437563364348,
          "z": -1.5363021437078719
        },
        "rotation": {
          "x": -1.6758056264014215e-19,
          "y": 1.336082628870158e-18,
          "z": -1.4922565104551522
        },
        "scale": {
          "x": 4.191451924624294,
          "y": 2.03720670442349,
          "z": 1.7489753849804401
        }
      }
    },
    {
      "obj_id": "3",
      "obj_type": "Car",
      "psr": {
        "position": {
          "x": -3.3231438041158636,
          "y": 16.532689725268153,
          "z": -1.462211012840271
        },
        "rotation": {
          "x": -1.8572793673028153e-18,
          "y": -5.794728918865275e-19,
          "z": -1.5969762655748114
        },
        "scale": {
          "x": 4.410345802905138,
          "y": 2.0568759614607246,
          "z": 1.446869134902954
        }
      }
    }
  ],
  "scene": "scene-000040"
}