{
  "frame": "1630376256.500",
  "objs": [
    {
      "obj_id": "1",
      "obj_type": "Car",
      "psr": {
        "position": {
          "x": -3.2274721374645092,
          "y": -9.430466495185737,
          "z": -1.0466204285621643
        },
        "rotation": {
          "x": 0,
          "y": 0,
          "z": -1.5446163880149815
        },
        "scale": {
          "x": 4.058527599032187,
          "y": 2.0426071642316415,
          "z": 1.6831534802913666
        }
      }
    },
    {
      "obj_id": "2",
      "obj_type": "Car",
      "psr": {
        "position": {
          "x": -0.026677791617307278,
          "y": 32.080546768260426,
          "z": -1.5186547581106407
        },
        "rotation": {
          "x": -1.0432781159304996e-18,
          "y": -1.7258214862577975e-18,
          "z": -1.5533430342749541
        },
        "scale": {
          "x": 4.191451924624294,
          "y": 2.03720670442349,
          "z": 1.7489753849804401
        }
      }
    },
    {
      "obj_id": "3",
      "obj_type": "Car",
      "psr": {
        "position": {
          "x": -3.377728253607388,
          "y": 24.156813485106646,
          "z": -1.5651146460837027
        },
        "rotation": {
          "x": -0.0006514070732174746,
          "y": 0.0019119437588634013,
          "z": -1.5439473742697238
        },
        "scale": {
          "x": 4.410345802905138,
          "y": 2.0568759614607246,
          "z": 1.446869134902954
        }
      }
    }
  ],
  "scene": "scene-000040"
}