{
  "frame": "1630376269.500",
  "objs": [
    {
      "obj_id": "1",
      "obj_type": "Car",
      "psr": {
        "position": {
          "x": -2.5906871107830995,
          "y": -39.38666260030225,
          "z": -0.5855337232351303
        },
        "rotation": {
          "x": 4.711964547488995e-18,
          "y": 2.53361093418092e-19,
          "z": -1.5446163880149812
        },
        "scale": {
          "x": 4.058527599032187,
          "y": 2.0426071642316415,
          "z": 1.6831534802913666
        }
      }
    },
    {
      "obj_id": "2",
      "obj_type": "Car",
      "psr": {
        "position": {
          "x": 3.738787666928937,
          "y": -7.657545625258362,
          "z": -0.9850794755406846
        },
        "rotation": {
          "x": -0.030219805954305137,
          "y": 0.012678433730092531,
          "z": -1.596593019378916
        },
        "scale": {
          "x": 4.191451924624294,
          "y": 2.03720670442349,
          "z": 1.7489753849804401
        }
      }
    },
    {
      "obj_id": "3",
      "obj_type": "Car",
      "psr": {
        "position": {
          "x": 1.0793111637447044,
          "y": -37.37099166260068,
          "z": -0.7436379492282867
        },
        "rotation": {
          "x": 4.711964547488995e-18,
          "y": 2.53361093418092e-19,
          "z": -1.5446163880149812
        },
        "scale": {
          "x": 4.410345802905138,
          "y": 2.0568759614607246,
          "z": 1.446869134902954
        }
      }
    }
  ],
  "scene": "scene-000040"
}