{
  "frame": "1630376260.000",
  "objs": [
    {
      "obj_id": "1",
      "obj_type": "Car",
      "psr": {
        "position": {
          "x": -3.110638417771106,
          "y": -17.306244831570115,
          "z": -0.9311599284410477
        },
        "rotation": {
          "x": 3.801127428132103e-18,
          "y": -6.124671267810676e-18,
          "z": -1.544616388014981
        },
        "scale": {
          "x": 4.058527599032187,
          "y": 2.0426071642316415,
          "z": 1.6831534802913666
        }
      }
    },
    {
      "obj_id": "2",
      "obj_type": "Car",
      "psr": {
        "position": {
          "x": 2.111102087425738,
          "y": 22.56507656075221,
          "z": -1.3260987941175688
        },
        "rotation": {
          "x": 1.494560475206511e-18,
          "y": -3.743902992846827e-18,
          "z": -1.4922565104551522
        },
        "scale": {
          "x": 4.191451924624294,
          "y": 2.03720670442349,
          "z": 1.7489753849804401
        }
      }
    },
    {
      "obj_id": "3",
      "obj_type": "Car",
      "psr": {
        "position": {
          "x": -3.45940097002172,
          "y": 9.937714998432291,
          "z": -1.3313867449760437
        },
        "rotation": {
          "x": -3.3965730223517207e-18,
          "y": -1.4853672480625312e-18,
          "z": -1.5969762655748114
        },
        "scale": {
          "x": 4.410345802905138,
          "y": 2.0568759614607246,
          "z": 1.446869134902954
        }
      }
    }
  ],
  "scene": "scene-000040"
}