{
  "frame": "1630376259.500",
  "objs": [
    {
      "obj_id": "1",
      "obj_type": "Car",
      "psr": {
        "position": {
          "x": -3.1489905925212596,
          "y": -16.02801319236699,
          "z": -0.9111486524343491
        },
        "rotation": {
          "x": 1.9426648583232398e-18,
          "y": -6.7360140525275386e-18,
          "z": -1.5446163880149806
        },
        "scale": {
          "x": 4.058527599032187,
          "y": 2.0426071642316415,
          "z": 1.6831534802913666
        }
      }
    },
    {
      "obj_id": "2",
      "obj_type": "Car",
      "psr": {
        "position": {
          "x": 1.7338908124661847,
          "y": 24.10184452775269,
          "z": -1.371214286461469
        },
        "rotation": {
          "x": -1.6865125396530898e-18,
          "y": -5.528040345355615e-18,
          "z": -1.4922565104551515
        },
        "scale": {
          "x": 4.191451924624294,
          "y": 2.03720670442349,
          "z": 1.7489753849804401
        }
      }
    },
    {
      "obj_id": "3",
      "obj_type": "Car",
      "psr": {
        "position": {
          "x": -3.386778232100463,
          "y": 12.141962606756353,
          "z": -1.3640792965888977
        },
        "rotation": {
          "x": -3.328402094457309e-18,
          "y": -6.527393647918582e-18,
          "z": -1.596976265574812
        },
        "scale": {
          "x": 4.410345802905138,
          "y": 2.0568759614607246,
          "z": 1.446869134902954
        }
      }
    }
  ],
  "scene": "scene-000040"
}