{
  "frame": "1630376268.500",
  "objs": [
    {
      "obj_id": "1",
      "obj_type": "Car",
      "psr": {
        "position": {
          "x": -2.632331301918603,
          "y": -37.16000073017919,
          "z": -0.5259707123041153
        },
        "rotation": {
          "x": -5.107731210074021e-18,
          "y": -9.554929745566875e-18,
          "z": -1.5446163880149812
        },
        "scale": {
          "x": 4.058527599032187,
          "y": 2.0426071642316415,
          "z": 1.6831534802913666
        }
      }
    },
    {
      "obj_id": "2",
      "obj_type": "Car",
      "psr": {
        "position": {
          "x": 3.8755200502423324,
          "y": -3.9753044658629184,
          "z": -1.052429871379805
        },
        "rotation": {
          "x": -0.0317490897735668,
          "y": -0.012364584862512719,
          "z": -1.5965466120739693
        },
        "scale": {
          "x": 4.191451924624294,
          "y": 2.03720670442349,
          "z": 1.7489753849804401
        }
      }
    },
    {
      "obj_id": "3",
      "obj_type": "Car",
      "psr": {
        "position": {
          "x": 0.6027078913074237,
          "y": -30.24973972835796,
          "z": -0.8038724213838506
        },
        "rotation": {
          "x": -5.107731210074021e-18,
          "y": -9.554929745566875e-18,
          "z": -1.5446163880149812
        },
        "scale": {
          "x": 4.410345802905138,
          "y": 2.0568759614607246,
          "z": 1.446869134902954
        }
      }
    }
  ],
  "scene": "scene-000040"
}