{
  "frame": "1630376260.500",
  "objs": [
    {
      "obj_id": "1",
      "obj_type": "Car",
      "psr": {
        "position": {
          "x": -3.1041941959095,
          "y": -18.602349004537903,
          "z": -0.8868122734129429
        },
        "rotation": {
          "x": -6.7524753218529e-19,
          "y": 3.079573889498142e-18,
          "z": -1.544616388014982
        },
        "scale": {
          "x": 4.058527599032187,
          "y": 2.0426071642316415,
          "z": 1.6831534802913666
        }
      }
    },
    {
      "obj_id": "2",
      "obj_type": "Car",
      "psr": {
        "position": {
          "x": 2.4163186227064797,
          "y": 20.676690556106017,
          "z": -1.3059547231376425
        },
        "rotation": {
          "x": 0.0004569203005384874,
          "y": -0.01744731110545458,
          "z": -1.5446124018984777
        },
        "scale": {
          "x": 4.191451924624294,
          "y": 2.03720670442349,
          "z": 1.7489753849804401
        }
      }
    },
    {
      "obj_id": "3",
      "obj_type": "Car",
      "psr": {
        "position": {
          "x": -3.4879374957575084,
          "y": 7.721047069569035,
          "z": -1.3452506065368652
        },
        "rotation": {
          "x": -6.752475321852898e-19,
          "y": 3.079573889498142e-18,
          "z": -1.5620696805349255
        },
        "scale": {
          "x": 4.410345802905138,
          "y": 2.0568759614607246,
          "z": 1.446869134902954
        }
      }
    }
  ],
  "scene": "scene-000040"
}