{
  "frame": "1630376262.500",
  "objs": [
    {
      "obj_id": "1",
      "obj_type": "Car",
      "psr": {
        "position": {
          "x": -2.9796252367157896,
          "y": -23.647166634263176,
          "z": -0.8414816344156861
        },
        "rotation": {
          "x": 8.814592998508398e-18,
          "y": -8.586796333875095e-18,
          "z": -1.544616388014981
        },
        "scale": {
          "x": 4.058527599032187,
          "y": 2.0426071642316415,
          "z": 1.6831534802913666
        }
      }
    },
    {
      "obj_id": "2",
      "obj_type": "Car",
      "psr": {
        "position": {
          "x": 3.1888004572525364,
          "y": 14.645034991919168,
          "z": -1.3065871596336365
        },
        "rotation": {
          "x": 5.772116935255037e-18,
          "y": -5.335690011689067e-18,
          "z": -1.4922565104551515
        },
        "scale": {
          "x": 4.191451924624294,
          "y": 2.03720670442349,
          "z": 1.7489753849804401
        }
      }
    },
    {
      "obj_id": "3",
      "obj_type": "Car",
      "psr": {
        "position": {
          "x": -3.32507885268022,
          "y": -0.6432159955326582,
          "z": -1.1299469470977783
        },
        "rotation": {
          "x": 8.814592998508398e-18,
          "y": -8.586796333875095e-18,
          "z": -1.544616388014981
        },
        "scale": {
          "x": 4.410345802905138,
          "y": 2.0568759614607246,
          "z": 1.446869134902954
        }
      }
    }
  ],
  "scene": "scene-000040"
}