{
  "frame": "1630376264.000",
  "objs": [
    {
      "obj_id": "1",
      "obj_type": "Car",
      "psr": {
        "position": {
          "x": -3.136577305344892,
          "y": -27.296545589859782,
          "z": -0.8607355654239655
        },
        "rotation": {
          "x": -5.75441791277956e-18,
          "y": -4.081401717898725e-18,
          "z": -1.5446163880149815
        },
        "scale": {
          "x": 4.058527599032187,
          "y": 2.0426071642316415,
          "z": 1.6831534802913666
        }
      }
    },
    {
      "obj_id": "2",
      "obj_type": "Car",
      "psr": {
        "position": {
          "x": 3.4766495345681347,
          "y": 10.46226844858845,
          "z": -1.2382814991474151
        },
        "rotation": {
          "x": 1.1906292289513834e-17,
          "y": -5.826928820363165e-18,
          "z": -1.535889741755009
        },
        "scale": {
          "x": 4.191451924624294,
          "y": 2.03720670442349,
          "z": 1.7489753849804401
        }
      }
    },
    {
      "obj_id": "3",
      "obj_type": "Car",
      "psr": {
        "position": {
          "x": -3.1238343898206433,
          "y": -6.5178246234927135,
          "z": -1.1464284062385453
        },
        "rotation": {
          "x": -5.75441791277956e-18,
          "y": -4.081401717898725e-18,
          "z": -1.5446163880149815
        },
        "scale": {
          "x": 4.410345802905138,
          "y": 2.0568759614607246,
          "z": 1.446869134902954
        }
      }
    }
  ],
  "scene": "scene-000040"
}