{
  "frame": "1630376266.000",
  "objs": [
    {
      "obj_id": "1",
      "obj_type": "Car",
      "psr": {
        "position": {
          "x": -2.6450788446062257,
          "y": -32.2321521612333,
          "z": -0.5808248668909073
        },
        "rotation": {
          "x": 3.3140555256991166e-18,
          "y": 1.615143771918107e-18,
          "z": -1.5446163880149815
        },
        "scale": {
          "x": 4.058527599032187,
          "y": 2.0426071642316415,
          "z": 1.6831534802913666
        }
      }
    },
    {
      "obj_id": "2",
      "obj_type": "Car",
      "psr": {
        "position": {
          "x": 3.8290457101303783,
          "y": 4.2727678342398825,
          "z": -1.1683591460038452
        },
        "rotation": {
          "x": -0.03811571689518317,
          "y": 0.015061371428873215,
          "z": -1.5440420566547655
        },
        "scale": {
          "x": 4.191451924624294,
          "y": 2.03720670442349,
          "z": 1.7489753849804401
        }
      }
    },
    {
      "obj_id": "3",
      "obj_type": "Car",
      "psr": {
        "position": {
          "x": -1.4240683908905258,
          "y": -15.50044575026633,
          "z": -1.0001913011074066
        },
        "rotation": {
          "x": 0,
          "y": 0,
          "z": -1.5446163880149815
        },
        "scale": {
          "x": 4.410345802905138,
          "y": 2.0568759614607246,
          "z": 1.446869134902954
        }
      }
    }
  ],
  "scene": "scene-000040"
}