{
  "frame": "1630376262.000",
  "objs": [
    {
      "obj_id": "1",
      "obj_type": "Car",
      "psr": {
        "position": {
          "x": -3.117458364824319,
          "y": -22.390502101809158,
          "z": -0.9194103628396988
        },
        "rotation": {
          "x": 4.8411538680376154e-18,
          "y": -2.294266437290982e-18,
          "z": -1.5446163880149815
        },
        "scale": {
          "x": 4.058527599032187,
          "y": 2.0426071642316415,
          "z": 1.6831534802913666
        }
      }
    },
    {
      "obj_id": "2",
      "obj_type": "Car",
      "psr": {
        "position": {
          "x": 2.9777982693640883,
          "y": 16.15807095170056,
          "z": -1.3143839091062546
        },
        "rotation": {
          "x": 4.8411538680376154e-18,
          "y": -2.2942664372909822e-18,
          "z": -1.53588974175501
        },
        "scale": {
          "x": 4.191451924624294,
          "y": 2.03720670442349,
          "z": 1.7489753849804401
        }
      }
    },
    {
      "obj_id": "3",
      "obj_type": "Car",
      "psr": {
        "position": {
          "x": -3.4133679854522807,
          "y": 1.3160247222438786,
          "z": -1.2504860758781433
        },
        "rotation": {
          "x": 4.8411538680376154e-18,
          "y": -2.294266437290982e-18,
          "z": -1.5446163880149815
        },
        "scale": {
          "x": 4.410345802905138,
          "y": 2.0568759614607246,
          "z": 1.446869134902954
        }
      }
    }
  ],
  "scene": "scene-000040"
}