{
  "frame": "1630376258.000",
  "objs": [
    {
      "obj_id": "1",
      "obj_type": "Car",
      "psr": {
        "position": {
          "x": -3.2280807606903226,
          "y": -12.461375183899777,
          "z": -0.9888172894716263
        },
        "rotation": {
          "x": -9.17932870521437e-19,
          "y": -4.5547873366422775e-18,
          "z": -1.544616388014981
        },
        "scale": {
          "x": 4.058527599032187,
          "y": 2.0426071642316415,
          "z": 1.6831534802913666
        }
      }
    },
    {
      "obj_id": "2",
      "obj_type": "Car",
      "psr": {
        "position": {
          "x": 0.4859128695496534,
          "y": 28.451495705170082,
          "z": -1.4453714434057465
        },
        "rotation": {
          "x": -2.6577958254028505e-18,
          "y": -1.6772634358548003e-18,
          "z": -1.492256510455152
        },
        "scale": {
          "x": 4.191451924624294,
          "y": 2.03720670442349,
          "z": 1.7489753849804401
        }
      }
    },
    {
      "obj_id": "3",
      "obj_type": "Car",
      "psr": {
        "position": {
          "x": -3.2521036953825146,
          "y": 18.587622313028955,
          "z": -1.4147583544254303
        },
        "rotation": {
          "x": -3.851240516401975e-18,
          "y": 8.458796092704017e-19,
          "z": -1.5969762655748116
        },
        "scale": {
          "x": 4.410345802905138,
          "y": 2.0568759614607246,
          "z": 1.446869134902954
        }
      }
    }
  ],
  "scene": "scene-000040"
}