{
  "frame": "1630376265.000",
  "objs": [
    {
      "obj_id": "1",
      "obj_type": "Car",
      "psr": {
        "position": {
          "x": -2.9669876024979303,
          "y": -29.757728787153425,
          "z": -0.7774585485458374
        },
        "rotation": {
          "x": 6.3936460145083726e-18,
          "y": -1.1071967928168216e-17,
          "z": -1.5446163880149815
        },
        "scale": {
          "x": 4.058527599032187,
          "y": 2.0426071642316415,
          "z": 1.6831534802913666
        }
      }
    },
    {
      "obj_id": "2",
      "obj_type": "Car",
      "psr": {
        "position": {
          "x": 3.5021805353624895,
          "y": 7.703110732164498,
          "z": -1.2359281331300735
        },
        "rotation": {
          "x": 0,
          "y": 0,
          "z": -1.5405244547304515
        },
        "scale": {
          "x": 4.191451924624294,
          "y": 2.03720670442349,
          "z": 1.7489753849804401
        }
      }
    },
    {
      "obj_id": "3",
      "obj_type": "Car",
      "psr": {
        "position": {
          "x": -2.5029132153666196,
          "y": -10.718481120206466,
          "z": -1.0949450731277466
        },
        "rotation": {
          "x": 6.3936460145083726e-18,
          "y": -1.1071967928168216e-17,
          "z": -1.5446163880149815
        },
        "scale": {
          "x": 4.410345802905138,
          "y": 2.0568759614607246,
          "z": 1.446869134902954
        }
      }
    }
  ],
  "scene": "scene-000040"
}