{
  "frame": "1630376259.000",
  "objs": [
    {
      "obj_id": "1",
      "obj_type": "Car",
      "psr": {
        "position": {
          "x": -3.1412455510722435,
          "y": -14.793522035389826,
          "z": -0.9382419809699059
        },
        "rotation": {
          "x": -1.3348436004959655e-19,
          "y": 8.8381077520584e-18,
          "z": -1.596976265574812
        },
        "scale": {
          "x": 4.058527599032187,
          "y": 2.0426071642316415,
          "z": 1.6831534802913666
        }
      }
    },
    {
      "obj_id": "2",
      "obj_type": "Car",
      "psr": {
        "position": {
          "x": 1.2733415066322098,
          "y": 25.50603581005384,
          "z": -1.4460461083799672
        },
        "rotation": {
          "x": -7.813956089327383e-19,
          "y": 4.265832921657532e-18,
          "z": -1.492256510455152
        },
        "scale": {
          "x": 4.191451924624294,
          "y": 2.03720670442349,
          "z": 1.7489753849804401
        }
      }
    },
    {
      "obj_id": "3",
      "obj_type": "Car",
      "psr": {
        "position": {
          "x": -3.3579324116214937,
          "y": 14.287150787291997,
          "z": -1.388686716556549
        },
        "rotation": {
          "x": -1.3348436004959655e-19,
          "y": 8.8381077520584e-18,
          "z": -1.596976265574812
        },
        "scale": {
          "x": 4.410345802905138,
          "y": 2.0568759614607246,
          "z": 1.446869134902954
        }
      }
    }
  ],
  "scene": "scene-000040"
}