{
  "frame": "1630376263.500",
  "objs": [
    {
      "obj_id": "1",
      "obj_type": "Car",
      "psr": {
        "position": {
          "x": -3.1905850005400738,
          "y": -26.10334631808316,
          "z": -0.9142427891492844
        },
        "rotation": {
          "x": -4.601450530058349e-18,
          "y": 4.4825346500625525e-18,
          "z": -1.544616388014982
        },
        "scale": {
          "x": 4.058527599032187,
          "y": 2.0426071642316415,
          "z": 1.6831534802913666
        }
      }
    },
    {
      "obj_id": "2",
      "obj_type": "Car",
      "psr": {
        "position": {
          "x": 3.4628155367232027,
          "y": 11.812819047863435,
          "z": -1.2707315492630005
        },
        "rotation": {
          "x": -2.1193805168374564e-18,
          "y": 1.858646829391872e-18,
          "z": -1.5358897417550093
        },
        "scale": {
          "x": 4.191451924624294,
          "y": 2.03720670442349,
          "z": 1.7489753849804401
        }
      }
    },
    {
      "obj_id": "3",
      "obj_type": "Car",
      "psr": {
        "position": {
          "x": -3.249873114747165,
          "y": -4.544880309422254,
          "z": -1.2107743620872427
        },
        "rotation": {
          "x": -4.601450530058349e-18,
          "y": 4.4825346500625525e-18,
          "z": -1.544616388014982
        },
        "scale": {
          "x": 4.410345802905138,
          "y": 2.0568759614607246,
          "z": 1.446869134902954
        }
      }
    }
  ],
  "scene": "scene-000040"
}