{
  "frame": "1630376267.000",
  "objs": [
    {
      "obj_id": "1",
      "obj_type": "Car",
      "psr": {
        "position": {
          "x": -2.7226316128141197,
          "y": -34.26746083078309,
          "z": -0.5998895913362503
        },
        "rotation": {
          "x": 1.2684484356436652e-17,
          "y": 7.173347272184728e-18,
          "z": -1.4922565104551522
        },
        "scale": {
          "x": 4.058527599032187,
          "y": 2.0426071642316415,
          "z": 1.6831534802913666
        }
      }
    },
    {
      "obj_id": "2",
      "obj_type": "Car",
      "psr": {
        "position": {
          "x": 3.894991042719784,
          "y": 0.9235681274301302,
          "z": -1.0911083774426553
        },
        "rotation": {
          "x": -0.03500254806001737,
          "y": 0.010524469387706778,
          "z": -1.5617011535906025
        },
        "scale": {
          "x": 4.191451924624294,
          "y": 2.03720670442349,
          "z": 1.7489753849804401
        }
      }
    },
    {
      "obj_id": "3",
      "obj_type": "Car",
      "psr": {
        "position": {
          "x": -0.42962971453746285,
          "y": -20.934338384594625,
          "z": -0.8728154897689819
        },
        "rotation": {
          "x": 1.2684484356436652e-17,
          "y": 7.173347272184728e-18,
          "z": -1.4922565104551522
        },
        "scale": {
          "x": 4.410345802905138,
          "y": 2.0568759614607246,
          "z": 1.446869134902954
        }
      }
    }
  ],
  "scene": "scene-000040"
}