{
  "frame": "1630376261.000",
  "objs": [
    {
      "obj_id": "1",
      "obj_type": "Car",
      "psr": {
        "position": {
          "x": -2.96105681903053,
          "y": -19.86228414386812,
          "z": -0.9553481414914131
        },
        "rotation": {
          "x": 2.715167230732175e-18,
          "y": -2.2322194707220893e-19,
          "z": -1.5446163880149821
        },
        "scale": {
          "x": 4.058527599032187,
          "y": 2.0426071642316415,
          "z": 1.6831534802913666
        }
      }
    },
    {
      "obj_id": "2",
      "obj_type": "Car",
      "psr": {
        "position": {
          "x": 2.559619818968914,
          "y": 19.207330655283446,
          "z": -1.2684621810913086
        },
        "rotation": {
          "x": 2.715167230732176e-18,
          "y": -2.232219470722093e-19,
          "z": -1.527163095495039
        },
        "scale": {
          "x": 4.191451924624294,
          "y": 2.03720670442349,
          "z": 1.7489753849804401
        }
      }
    },
    {
      "obj_id": "3",
      "obj_type": "Car",
      "psr": {
        "position": {
          "x": -3.435726370111053,
          "y": 5.487543594245191,
          "z": -1.2793396711349487
        },
        "rotation": {
          "x": 2.715167230732175e-18,
          "y": -2.2322194707220893e-19,
          "z": -1.5446163880149821
        },
        "scale": {
          "x": 4.410345802905138,
          "y": 2.0568759614607246,
          "z": 1.446869134902954
        }
      }
    }
  ],
  "scene": "scene-000040"
}