{
  "frame": "1630376263.000",
  "objs": [
    {
      "obj_id": "1",
      "obj_type": "Car",
      "psr": {
        "position": {
          "x": -3.0846244130405753,
          "y": -24.85615227248361,
          "z": -1.0004482120275497
        },
        "rotation": {
          "x": 1.746261726955608e-18,
          "y": 3.1424208731525e-18,
          "z": -1.5446163880149821
        },
        "scale": {
          "x": 4.058527599032187,
          "y": 2.0426071642316415,
          "z": 1.6831534802913666
        }
      }
    },
    {
      "obj_id": "2",
      "obj_type": "Car",
      "psr": {
        "position": {
          "x": 3.377721968424708,
          "y": 13.182403309717547,
          "z": -1.1714226752519608
        },
        "rotation": {
          "x": -1.7152744543567381e-18,
          "y": 6.310274396907103e-18,
          "z": -1.4922565104551528
        },
        "scale": {
          "x": 4.191451924624294,
          "y": 2.03720670442349,
          "z": 1.7489753849804401
        }
      }
    },
    {
      "obj_id": "3",
      "obj_type": "Car",
      "psr": {
        "position": {
          "x": -3.296820652131731,
          "y": -2.560884289501751,
          "z": -1.2065398991108012
        },
        "rotation": {
          "x": 1.746261726955608e-18,
          "y": 3.1424208731525e-18,
          "z": -1.5446163880149821
        },
        "scale": {
          "x": 4.410345802905138,
          "y": 2.0568759614607246,
          "z": 1.446869134902954
        }
      }
    }
  ],
  "scene": "scene-000040"
}