{
  "frame": "1630376267.500",
  "objs": [
    {
      "obj_id": "1",
      "obj_type": "Car",
      "psr": {
        "position": {
          "x": -2.6495640388821786,
          "y": -35.209921734129914,
          "z": -0.5609221905469894
        },
        "rotation": {
          "x": -1.6368722598067022e-18,
          "y": 6.438124091605664e-18,
          "z": -1.544616388014982
        },
        "scale": {
          "x": 4.058527599032187,
          "y": 2.0426071642316415,
          "z": 1.6831534802913666
        }
      }
    },
    {
      "obj_id": "2",
      "obj_type": "Car",
      "psr": {
        "position": {
          "x": 3.9610373882822545,
          "y": -0.6508001884858904,
          "z": -1.1008410023576098
        },
        "rotation": {
          "x": -0.03603874324025261,
          "y": 0.011532735677604527,
          "z": -1.5442005919259032
        },
        "scale": {
          "x": 4.191451924624294,
          "y": 2.03720670442349,
          "z": 1.7489753849804401
        }
      }
    },
    {
      "obj_id": "3",
      "obj_type": "Car",
      "psr": {
        "position": {
          "x": 0.004902442252449901,
          "y": -23.864779168534433,
          "z": -0.8381881564855718
        },
        "rotation": {
          "x": 9.374036306821334e-18,
          "y": 5.508802971662076e-18,
          "z": -1.4922565104551524
        },
        "scale": {
          "x": 4.410345802905138,
          "y": 2.0568759614607246,
          "z": 1.446869134902954
        }
      }
    }
  ],
  "scene": "scene-000040"
}