{
  "frame": "1630376270.000",
  "objs": [
    {
      "obj_id": "1",
      "obj_type": "Car",
      "psr": {
        "position": {
          "x": -2.595944608073215,
          "y": -40.60574181339891,
          "z": -0.4899975210428238
        },
        "rotation": {
          "x": -2.8092550456083273e-18,
          "y": -2.106898628043113e-18,
          "z": -1.5446163880149815
        },
        "scale": {
          "x": 4.058527599032187,
          "y": 2.0426071642316415,
          "z": 1.6831534802913666
        }
      }
    },
    {
      "obj_id": "2",
      "obj_type": "Car",
      "psr": {
        "position": {
          "x": 3.713253900418101,
          "y": -9.815460974957675,
          "z": -0.9566546399146318
        },
        "rotation": {
          "x": 0,
          "y": 0,
          "z": -1.5969762655748116
        },
        "scale": {
          "x": 4.191451924624294,
          "y": 2.03720670442349,
          "z": 1.7489753849804401
        }
      }
    },
    {
      "obj_id": "3",
      "obj_type": "Car",
      "psr": {
        "position": {
          "x": 1.2756001240223316,
          "y": -41.18863587071592,
          "z": -0.5675871521234228
        },
        "rotation": {
          "x": -2.8092550456083273e-18,
          "y": -2.106898628043113e-18,
          "z": -1.5446163880149815
        },
        "scale": {
          "x": 4.410345802905138,
          "y": 2.0568759614607246,
          "z": 1.446869134902954
        }
      }
    },
    {
      "obj_id": "4",
      "obj_type": "Car",
      "psr": {
        "position": {
          "x": -12.791571989331235,
          "y": -17.14662003640707,
          "z": -0.7984904460608959
        },
        "rotation": {
          "x": 0,
          "y": 0,
          "z": -1.4719762655748119
        },
        "scale": {
          "x": 4.813360518382784,
          "y": 1.9883367524725095,
          "z": 1.9669528231024742
        }
      }
    }
  ],
  "scene": "scene-000040"
}