{
  "frame": "1630376265.500",
  "objs": [
    {
      "obj_id": "1",
      "obj_type": "Car",
      "psr": {
        "position": {
          "x": -2.770481882252678,
          "y": -30.968321461567314,
          "z": -0.8064601793885231
        },
        "rotation": {
          "x": 6.445913822697773e-18,
          "y": -6.279331239750071e-18,
          "z": -1.5446163880149812
        },
        "scale": {
          "x": 4.058527599032187,
          "y": 2.0426071642316415,
          "z": 1.6831534802913666
        }
      }
    },
    {
      "obj_id": "2",
      "obj_type": "Car",
      "psr": {
        "position": {
          "x": 3.701240366164365,
          "y": 5.98962235378698,
          "z": -1.1624567057448836
        },
        "rotation": {
          "x": -0.03308365489063186,
          "y": 0.01609046519397993,
          "z": -1.5440838853439511
        },
        "scale": {
          "x": 4.191451924624294,
          "y": 2.03720670442349,
          "z": 1.7489753849804401
        }
      }
    },
    {
      "obj_id": "3",
      "obj_type": "Car",
      "psr": {
        "position": {
          "x": -1.9537771352297164,
          "y": -13.023710614232419,
          "z": -1.1072021424770355
        },
        "rotation": {
          "x": 0,
          "y": 0,
          "z": -1.4922565104551522
        },
        "scale": {
          "x": 4.410345802905138,
          "y": 2.0568759614607246,
          "z": 1.446869134902954
        }
      }
    }
  ],
  "scene": "scene-000040"
}