{
  "frame": "1630376268.000",
  "objs": [
    {
      "obj_id": "1",
      "obj_type": "Car",
      "psr": {
        "position": {
          "x": -2.616745602967092,
          "y": -36.181227123484895,
          "z": -0.6268048882484436
        },
        "rotation": {
          "x": 5.760396313831404e-18,
          "y": -7.6797591545692e-19,
          "z": -1.5446163880149815
        },
        "scale": {
          "x": 4.058527599032187,
          "y": 2.0426071642316415,
          "z": 1.6831534802913666
        }
      }
    },
    {
      "obj_id": "2",
      "obj_type": "Car",
      "psr": {
        "position": {
          "x": 3.9226977803383902,
          "y": -2.1714148984641617,
          "z": -1.0777556045153205
        },
        "rotation": {
          "x": -0.03097129167293897,
          "y": 0.006841597747430548,
          "z": -1.5444044287755911
        },
        "scale": {
          "x": 4.191451924624294,
          "y": 2.03720670442349,
          "z": 1.7489753849804401
        }
      }
    },
    {
      "obj_id": "3",
      "obj_type": "Car",
      "psr": {
        "position": {
          "x": 0.33275837283160725,
          "y": -26.95090839556504,
          "z": -0.8523799031972814
        },
        "rotation": {
          "x": 5.760396313831404e-18,
          "y": -7.6797591545692e-19,
          "z": -1.5446163880149815
        },
        "scale": {
          "x": 4.410345802905138,
          "y": 2.0568759614607246,
          "z": 1.446869134902954
        }
      }
    }
  ],
  "scene": "scene-000040"
}