{
  "frame": "1630376271.000",
  "objs": [
    {
      "obj_id": "1",
      "obj_type": "Car",
      "psr": {
        "position": {
          "x": -2.606088050535499,
          "y": -43.25026473490271,
          "z": -0.4790456742048263
        },
        "rotation": {
          "x": -5.824620924124494e-19,
          "y": 5.674094493750065e-19,
          "z": -1.5446163880149815
        },
        "scale": {
          "x": 4.058527599032187,
          "y": 2.0426071642316415,
          "z": 1.6831534802913666
        }
      }
    },
    {
      "obj_id": "2",
      "obj_type": "Car",
      "psr": {
        "position": {
          "x": 3.6166916145905548,
          "y": -14.740213814355332,
          "z": -0.8843692066250105
        },
        "rotation": {
          "x": -0.03285232576280144,
          "y": 0.013328311510130813,
          "z": -1.596538254945778
        },
        "scale": {
          "x": 4.191451924624294,
          "y": 2.03720670442349,
          "z": 1.7489753849804401
        }
      }
    },
    {
      "obj_id": "3",
      "obj_type": "Car",
      "psr": {
        "position": {
          "x": 1.495244522753431,
          "y": -49.16256817435867,
          "z": -0.41757187247276306
        },
        "rotation": {
          "x": -1.5923081200703552e-19,
          "y": 1.4719144859831916e-19,
          "z": -1.4922565104551526
        },
        "scale": {
          "x": 4.410345802905138,
          "y": 2.0568759614607246,
          "z": 1.446869134902954
        }
      }
    },
    {
      "obj_id": "4",
      "obj_type": "Car",
      "psr": {
        "position": {
          "x": -11.833037513460987,
          "y": -12.756670781745155,
          "z": -0.7877268902957439
        },
        "rotation": {
          "x": 0,
          "y": 0,
          "z": -1.477256510455152
        },
        "scale": {
          "x": 4.813360518382784,
          "y": 1.9883367524725095,
          "z": 1.9669528231024742
        }
      }
    }
  ],
  "scene": "scene-000040"
}