{
  "frame": "1630376264.500",
  "objs": [
    {
      "obj_id": "1",
      "obj_type": "Car",
      "psr": {
        "position": {
          "x": -3.0872881464805944,
          "y": -28.569319168450683,
          "z": -1.0037903636693954
        },
        "rotation": {
          "x": -5.6849838020732214e-18,
          "y": 1.0381619764761957e-17,
          "z": -1.5446163880149815
        },
        "scale": {
          "x": 4.058527599032187,
          "y": 2.0426071642316415,
          "z": 1.6831534802913666
        }
      }
    },
    {
      "obj_id": "2",
      "obj_type": "Car",
      "psr": {
        "position": {
          "x": 3.461580259479933,
          "y": 9.054060489039532,
          "z": -1.1166170346736908
        },
        "rotation": {
          "x": 0,
          "y": 0,
          "z": -1.5446163880149815
        },
        "scale": {
          "x": 4.191451924624294,
          "y": 2.03720670442349,
          "z": 1.7489753849804401
        }
      }
    },
    {
      "obj_id": "3",
      "obj_type": "Car",
      "psr": {
        "position": {
          "x": -2.924542285536081,
          "y": -8.58545567202124,
          "z": -1.1648119390010905
        },
        "rotation": {
          "x": -5.6849838020732214e-18,
          "y": 1.0381619764761957e-17,
          "z": -1.5446163880149815
        },
        "scale": {
          "x": 4.410345802905138,
          "y": 2.0568759614607246,
          "z": 1.446869134902954
        }
      }
    }
  ],
  "scene": "scene-000040"
}