{
  "frame": "1630376261.500",
  "objs": [
    {
      "obj_id": "1",
      "obj_type": "Car",
      "psr": {
        "position": {
          "x": -3.0459379294056785,
          "y": -21.170682339025085,
          "z": -0.9298724979162216
        },
        "rotation": {
          "x": -5.205754950936266e-19,
          "y": 5.071221953789122e-19,
          "z": -1.5446163880149821
        },
        "scale": {
          "x": 4.058527599032187,
          "y": 2.0426071642316415,
          "z": 1.6831534802913666
        }
      }
    },
    {
      "obj_id": "2",
      "obj_type": "Car",
      "psr": {
        "position": {
          "x": 2.7882365354536502,
          "y": 17.601019136840396,
          "z": -1.2696366161108017
        },
        "rotation": {
          "x": -5.205754950936265e-19,
          "y": 5.071221953789123e-19,
          "z": -1.527163095495039
        },
        "scale": {
          "x": 4.191451924624294,
          "y": 2.03720670442349,
          "z": 1.7489753849804401
        }
      }
    },
    {
      "obj_id": "3",
      "obj_type": "Car",
      "psr": {
        "position": {
          "x": -3.3911921640787823,
          "y": 3.352658906020042,
          "z": -1.3212576806545258
        },
        "rotation": {
          "x": -5.205754950936266e-19,
          "y": 5.071221953789122e-19,
          "z": -1.5446163880149821
        },
        "scale": {
          "x": 4.410345802905138,
          "y": 2.0568759614607246,
          "z": 1.446869134902954
        }
      }
    }
  ],
  "scene": "scene-000040"
}