{
  "frame": "1630376257.000",
  "objs": [
    {
      "obj_id": "1",
      "obj_type": "Car",
      "psr": {
        "position": {
          "x": -3.240548939771699,
          "y": -10.359709555032161,
          "z": -1.03188157081604
        },
        "rotation": {
          "x": 1.2630260378443695e-18,
          "y": 8.886692652219865e-19,
          "z": -1.5446163880149815
        },
        "scale": {
          "x": 4.058527599032187,
          "y": 2.0426071642316415,
          "z": 1.6831534802913666
        }
      }
    },
    {
      "obj_id": "2",
      "obj_type": "Car",
      "psr": {
        "position": {
          "x": 0.22110077244575332,
          "y": 30.933669123168244,
          "z": -1.4565391033887862
        },
        "rotation": {
          "x": 9.759570030548841e-20,
          "y": 2.696591640278546e-18,
          "z": -1.596976265574812
        },
        "scale": {
          "x": 4.191451924624294,
          "y": 2.03720670442349,
          "z": 1.7489753849804401
        }
      }
    },
    {
      "obj_id": "3",
      "obj_type": "Car",
      "psr": {
        "position": {
          "x": -3.242859659385972,
          "y": 22.3242554252678,
          "z": -1.4891806244850159
        },
        "rotation": {
          "x": 1.2630260378443695e-18,
          "y": 8.886692652219865e-19,
          "z": -1.5446163880149815
        },
        "scale": {
          "x": 4.410345802905138,
          "y": 2.0568759614607246,
          "z": 1.446869134902954
        }
      }
    }
  ],
  "scene": "scene-000040"
}