{
  "frame": "1630376257.500",
  "objs": [
    {
      "obj_id": "1",
      "obj_type": "Car",
      "psr": {
        "position": {
          "x": -3.259194716634913,
          "y": -11.394834725220262,
          "z": -1.001207485795021
        },
        "rotation": {
          "x": 1.693297019818014e-19,
          "y": -5.6139516421422875e-18,
          "z": -1.5446163880149806
        },
        "scale": {
          "x": 4.058527599032187,
          "y": 2.0426071642316415,
          "z": 1.6831534802913666
        }
      }
    },
    {
      "obj_id": "2",
      "obj_type": "Car",
      "psr": {
        "position": {
          "x": 0.247702483646626,
          "y": 29.76673193207861,
          "z": -1.4685633722692728
        },
        "rotation": {
          "x": 1.693297019818014e-19,
          "y": -5.6139516421422875e-18,
          "z": -1.5446163880149806
        },
        "scale": {
          "x": 4.191451924624294,
          "y": 2.03720670442349,
          "z": 1.7489753849804401
        }
      }
    },
    {
      "obj_id": "3",
      "obj_type": "Car",
      "psr": {
        "position": {
          "x": -3.2883021285452623,
          "y": 20.739045692588306,
          "z": -1.4341881573200226
        },
        "rotation": {
          "x": 5.513532968017344e-19,
          "y": -1.8089917369857356e-18,
          "z": -1.5969762655748116
        },
        "scale": {
          "x": 4.410345802905138,
          "y": 2.0568759614607246,
          "z": 1.446869134902954
        }
      }
    }
  ],
  "scene": "scene-000040"
}