{
  "frame": "1630376270.500",
  "objs": [
    {
      "obj_id": "1",
      "obj_type": "Car",
      "psr": {
        "position": {
          "x": -2.6009255375010825,
          "y": -41.9136416613126,
          "z": -0.564837709069252
        },
        "rotation": {
          "x": -3.4425047462852936e-18,
          "y": 8.197093384668183e-18,
          "z": -1.544616388014982
        },
        "scale": {
          "x": 4.058527599032187,
          "y": 2.0426071642316415,
          "z": 1.6831534802913666
        }
      }
    },
    {
      "obj_id": "2",
      "obj_type": "Car",
      "psr": {
        "position": {
          "x": 3.6732287853719336,
          "y": -12.22366647895583,
          "z": -0.9542647009962493
        },
        "rotation": {
          "x": -0.03036661835511978,
          "y": 0.01418116284887366,
          "z": -1.596545513663594
        },
        "scale": {
          "x": 4.191451924624294,
          "y": 2.03720670442349,
          "z": 1.7489753849804401
        }
      }
    },
    {
      "obj_id": "3",
      "obj_type": "Car",
      "psr": {
        "position": {
          "x": 1.4354236348947464,
          "y": -45.13495285982473,
          "z": -0.5814575850963593
        },
        "rotation": {
          "x": -7.563463570334183e-18,
          "y": 6.991593808420159e-18,
          "z": -1.4922565104551522
        },
        "scale": {
          "x": 4.410345802905138,
          "y": 2.0568759614607246,
          "z": 1.446869134902954
        }
      }
    },
    {
      "obj_id": "4",
      "obj_type": "Car",
      "psr": {
        "position": {
          "x": -12.205393035113408,
          "y": -14.432958546460325,
          "z": -0.7959286533296108
        },
        "rotation": {
          "x": 0,
          "y": 0,
          "z": -1.4372565104551522
        },
        "scale": {
          "x": 4.813360518382784,
          "y": 1.9883367524725095,
          "z": 1.9669528231024742
        }
      }
    }
  ],
  "scene": "scene-000040"
}