{
  "frame": "1630376269.000",
  "objs": [
    {
      "obj_id": "1",
      "obj_type": "Car",
      "psr": {
        "position": {
          "x": -2.65389319892864,
          "y": -38.23741445062878,
          "z": -0.5530519932508469
        },
        "rotation": {
          "x": -5.958990944410199e-19,
          "y": -4.263054535668137e-18,
          "z": -1.5446163880149812
        },
        "scale": {
          "x": 4.058527599032187,
          "y": 2.0426071642316415,
          "z": 1.6831534802913666
        }
      }
    },
    {
      "obj_id": "2",
      "obj_type": "Car",
      "psr": {
        "position": {
          "x": 3.8128000396821218,
          "y": -5.6733340075819525,
          "z": -1.0234476654864448
        },
        "rotation": {
          "x": -0.031938306911225435,
          "y": 0.012341400858070723,
          "z": -1.5965819780785377
        },
        "scale": {
          "x": 4.191451924624294,
          "y": 2.03720670442349,
          "z": 1.7489753849804401
        }
      }
    },
    {
      "obj_id": "3",
      "obj_type": "Car",
      "psr": {
        "position": {
          "x": 0.7900975226184803,
          "y": -33.69424204065424,
          "z": -0.7436379492282796
        },
        "rotation": {
          "x": -5.958990944410199e-19,
          "y": -4.263054535668137e-18,
          "z": -1.5446163880149812
        },
        "scale": {
          "x": 4.410345802905138,
          "y": 2.0568759614607246,
          "z": 1.446869134902954
        }
      }
    }
  ],
  "scene": "scene-000040"
}