{
  "frame": "1630376256.000",
  "objs": [
    {
      "obj_id": "1",
      "obj_type": "Car",
      "psr": {
        "position": {
          "x": -3.2601223391454273,
          "y": -8.570237520472277,
          "z": -1.0579364150762558
        },
        "rotation": {
          "x": 0,
          "y": 0,
          "z": -1.5446163880149815
        },
        "scale": {
          "x": 4.058527599032187,
          "y": 2.0426071642316415,
          "z": 1.6831534802913666
        }
      }
    },
    {
      "obj_id": "2",
      "obj_type": "Car",
      "psr": {
        "position": {
          "x": -0.06339472392971578,
          "y": 33.252556651189266,
          "z": -1.4720650259405377
        },
        "rotation": {
          "x": -3.0617656623588495e-18,
          "y": -4.0043271726712454e-18,
          "z": -1.5795229730548686
        },
        "scale": {
          "x": 4.191451924624294,
          "y": 2.03720670442349,
          "z": 1.7489753849804401
        }
      }
    },
    {
      "obj_id": "3",
      "obj_type": "Car",
      "psr": {
        "position": {
          "x": -3.505089563571519,
          "y": 25.993698945572586,
          "z": -1.5136508643627167
        },
        "rotation": {
          "x": -3.2752247195382875e-18,
          "y": -1.652971068543108e-18,
          "z": -1.544616388014982
        },
        "scale": {
          "x": 4.410345802905138,
          "y": 2.0568759614607246,
          "z": 1.446869134902954
        }
      }
    }
  ],
  "scene": "scene-000040"
}